,W,R
0,1e-07,0.9999994432368862
1,1.021699522502247e-07,0.9999994372285589
2,1.0438699142813194e-07,0.9999994311553925
3,1.0665213929756876e-07,0.9999994250166873
4,1.0896643979416913e-07,0.9999994188117362
5,1.1133095950647243e-07,0.9999994125398239
6,1.1374678816747987e-07,0.9999994062002283
7,1.1621503915687842e-07,0.9999993997922186
8,1.1873685001416261e-07,0.9999993933150568
9,1.213133829628911e-07,0.9999993867679964
10,1.2394582544631806e-07,0.9999993801502832
11,1.2663539067465e-07,0.9999993734611548
12,1.293833181841754e-07,0.9999993666998404
13,1.321908744085283e-07,0.999999359865561
14,1.3505935326234784e-07,0.9999993529575293
15,1.3799007673760338e-07,0.9999993459749493
16,1.4098439551285777e-07,0.9999993389170166
17,1.440436895757547e-07,0.999999331782918
18,1.4716936885901047e-07,0.9999993245718315
19,1.5036287389020804e-07,0.9999993172829263
20,1.5362567645569112e-07,0.9999993099153628
21,1.5695928027886461e-07,0.9999993024682919
22,1.6036522171321233e-07,0.9999992949408557
23,1.63845070450356e-07,0.9999992873321869
24,1.6740043024347573e-07,0.9999992796414089
25,1.7103293964642985e-07,0.9999992718676356
26,1.7474427276891335e-07,0.9999992640099714
27,1.7853614004800115e-07,0.999999256067511
28,1.8241028903643707e-07,0.9999992480393393
29,1.863685052080246e-07,0.9999992399245312
30,1.9041261278049625e-07,0.999999231722152
31,1.9454447555623828e-07,0.9999992234312565
32,1.987659977812591e-07,0.9999992150508895
33,2.0307912502279508e-07,0.9999992065800856
34,2.0748584506596386e-07,0.9999991980178686
35,2.1198818882987044e-07,0.9999991893632523
36,2.165882313035948e-07,0.9999991806152393
37,2.2128809250248901e-07,0.9999991717728219
38,2.2608993844522653e-07,0.9999991628349812
39,2.3099598215205036e-07,0.9999991538006876
40,2.360084846646874e-07,0.9999991446689002
41,2.4112975608838996e-07,0.9999991354385667
42,2.4636215665659133e-07,0.9999991261086237
43,2.517080978186631e-07,0.9999991166779963
44,2.5717004335127744e-07,0.9999991071455981
45,2.6275051049388235e-07,0.9999990975103307
46,2.684520711088212e-07,0.9999990877710839
47,2.742773528666219e-07,0.9999990779267358
48,2.802290404570078e-07,0.999999067976152
49,2.863098768261883e-07,0.9999990579181862
50,2.9252266444099373e-07,0.9999990477516796
51,2.988702665804483e-07,0.9999990374754607
52,3.053556086553633e-07,0.9999990270883456
53,3.1198167955656764e-07,0.9999990165891378
54,3.187515330323942e-07,0.9999990059766274
55,3.256682890960563e-07,0.9999989952495917
56,3.327351354635651e-07,0.9999989844067948
57,3.3995532902284493e-07,0.9999989734469876
58,3.4733219733473493e-07,0.9999989623689072
59,3.548691401665549e-07,0.9999989511712774
60,3.6256963105895205e-07,0.999998939852808
61,3.704372189267479e-07,0.999998928412195
62,3.7847552969451865e-07,0.9999989168481201
63,3.866882679676747e-07,0.9999989051592513
64,3.950792187397941e-07,0.9999988933442415
65,4.036522491370084e-07,0.9999988814017298
66,4.1241131020024035e-07,0.99999886933034
67,4.213604387061116e-07,0.9999988571286814
68,4.305037590273715e-07,0.9999988447953483
69,4.3984548503368787e-07,0.9999988323289195
70,4.493899220336881e-07,0.9999988197279589
71,4.591414687591411e-07,0.9999988069910146
72,4.691046193921948e-07,0.9999987941166192
73,4.792839656366046e-07,0.9999987811032893
74,4.896841988339024e-07,0.9999987679495257
75,5.003101121254934e-07,0.9999987546538127
76,5.111666026616622e-07,0.9999987412146186
77,5.22258673858516e-07,0.9999987276303951
78,5.335914377039037e-07,0.999998713899577
79,5.451701171133657e-07,0.9999987000205822
80,5.570000483372198e-07,0.9999986859918119
81,5.690866834198659e-07,0.9999986718116496
82,5.814355927124644e-07,0.9999986574784616
83,5.940524674401358e-07,0.9999986429905966
84,6.069431223248696e-07,0.9999986283463853
85,6.201134982653421e-07,0.9999986135441405
86,6.33569665074898e-07,0.9999985985821569
87,6.473178242789318e-07,0.9999985834587104
88,6.61364311972978e-07,0.9999985681720588
89,6.757156017428187e-07,0.9999985527204408
90,6.903783076479577e-07,0.9999985371020762
91,7.053591872698277e-07,0.9999985213151654
92,7.206651448261559e-07,0.9999985053578898
93,7.363032343528962e-07,0.9999984892284106
94,7.52280662955214e-07,0.9999984729248697
95,7.686047941290175e-07,0.9999984564453885
96,7.852831511545549e-07,0.9999984397880685
97,8.023234205636686e-07,0.9999984229509905
98,8.197334556822697e-07,0.9999984059322146
99,8.375212802496917e-07,0.99999838872978
100,8.556950921165805e-07,0.9999983713417048
101,8.742632670230266e-07,0.9999983537659857
102,8.932343624586824e-07,0.9999983360005975
103,9.126171216066348e-07,0.9999983180434936
104,9.324204773728738e-07,0.999998299892605
105,9.526535565031823e-07,0.9999982815458406
106,9.733256837893686e-07,0.9999982630010863
107,9.94446386366773e-07,0.9999982442562059
108,1.016025398105017e-06,0.9999982253090394
109,1.0380726640940512e-06,0.9999982061574039
110,1.0605983452275273e-06,0.9999981867990929
111,1.083612822885638e-06,0.9999981672318761
112,1.1071267037195705e-06,0.999998147453499
113,1.1311508245397717e-06,0.9999981274616829
114,1.1556962573103076e-06,0.9999981072541245
115,1.1807743142515753e-06,0.9999980868284956
116,1.2063965530537526e-06,0.9999980661824428
117,1.2325747822033756e-06,0.9999980453135875
118,1.2593210664254997e-06,0.9999980242195252
119,1.286647732243956e-06,0.9999980028978257
120,1.314567373662249e-06,0.9999979813460323
121,1.3430928579677524e-06,0.9999979595616622
122,1.3722373316618309e-06,0.9999979375422051
123,1.40201422651865e-06,0.9999979152851245
124,1.4324372657754648e-06,0.9999978927878558
125,1.4635204704572165e-06,0.9999978700478072
126,1.4952781658384019e-06,0.9999978470623585
127,1.5277249880451308e-06,0.9999978238288616
128,1.560875890800461e-06,0.9999978003446397
129,1.5947461523161037e-06,0.999997776606987
130,1.6293513823336552e-06,0.9999977526131687
131,1.664707529318675e-06,0.9999977283604203
132,1.7008308878107854e-06,0.9999977038459475
133,1.7377381059333521e-06,0.9999976790669262
134,1.775446193066065e-06,0.999997654020501
135,1.8139725276840307e-06,0.9999976287037866
136,1.8533348653669718e-06,0.9999976031138661
137,1.893551346982201e-06,0.9999975772477911
138,1.9346405070452012e-06,0.9999975511025815
139,1.9766212822615872e-06,0.9999975246752251
140,2.0195130202544425e-06,0.9999974979626769
141,2.0633354884810387e-06,0.9999974709618594
142,2.1081088833430178e-06,0.9999974436696617
143,2.153853839494306e-06,0.9999974160829393
144,2.200591439350964e-06,0.999997388198514
145,2.248343222807412e-06,0.999997360013173
146,2.2971311971635006e-06,0.9999973315236689
147,2.3469778472669585e-06,0.9999973027267194
148,2.397906145876008e-06,0.9999972736190067
149,2.4499395642467204e-06,0.9999972441971772
150,2.503102082950237e-06,0.999997214457841
151,2.5574182029246373e-06,0.9999971843975718
152,2.6129129567666563e-06,0.9999971540129062
153,2.6696119202684322e-06,0.9999971233003435
154,2.7275412242045637e-06,0.9999970922563453
155,2.786727566374997e-06,0.9999970608773346
156,2.8471982239091828e-06,0.9999970291596963
157,2.9089810658372576e-06,0.9999969970997762
158,2.9721045659340095e-06,0.9999969646938803
159,3.036597815841525e-06,0.9999969319382752
160,3.1024905384766523e-06,0.9999968988291869
161,3.169813101729335e-06,0.9999968653628007
162,3.2385965324582274e-06,0.9999968315352611
163,3.3088725307900038e-06,0.9999967973426703
164,3.380673484728948e-06,0.9999967627810892
165,3.4540324850835804e-06,0.9999967278465355
166,3.5289833407171435e-06,0.9999966925349846
167,3.6055605941290898e-06,0.9999966568423678
168,3.683799537374609e-06,0.999996620764573
169,3.7637362283296358e-06,0.9999965842974435
170,3.845407507308804e-06,0.9999965474367778
171,3.928851014043961e-06,0.999996510178329
172,4.014105205031184e-06,0.9999964725178044
173,4.101209371254145e-06,0.9999964344508652
174,4.1902036562921e-06,0.9999963959731252
175,4.281129074820816e-06,0.9999963570801514
176,4.374027531514905e-06,0.9999963177674629
177,4.46894184036047e-06,0.9999962780305303
178,4.565915744386605e-06,0.9999962378647751
179,4.664993935825285e-06,0.99999619726557
180,4.766222076708571e-06,0.9999961562282372
181,4.869646819912815e-06,0.9999961147480486
182,4.975315830659519e-06,0.9999960728202253
183,5.0832778084827004e-06,0.9999960304399365
184,5.193582509673043e-06,0.9999959876022995
185,5.30628077020897e-06,0.9999959443023786
186,5.4214245291853594e-06,0.9999959005351853
187,5.5390668527506614e-06,0.9999958562956768
188,5.659261958563375e-06,0.9999958115787563
189,5.782065240779331e-06,0.9999957663792716
190,5.9075332955810815e-06,0.9999957206920153
191,6.035723947261316e-06,0.9999956745117233
192,6.166696274872276e-06,0.9999956278330753
193,6.300510639453376e-06,0.9999955806506932
194,6.437228711849855e-06,0.9999955329591408
195,6.5769135011347505e-06,0.9999954847529234
196,6.719629383647955e-06,0.9999954360264871
197,6.865442132665184e-06,0.9999953867742178
198,7.0144189487108265e-06,0.9999953369904412
199,7.166628490528579e-06,0.9999952866694212
200,7.322140906724048e-06,0.9999952358053603
201,7.481027868094129e-06,0.9999951843923982
202,7.643362600657773e-06,0.9999951324246115
203,7.80921991940358e-06,0.9999950798960127
204,7.97867626276969e-06,0.9999950268005499
205,8.151809727871803e-06,0.9999949731321055
206,8.328700106495793e-06,0.9999949188844964
207,8.509428921871164e-06,0.9999948640514725
208,8.694079466242579e-06,0.9999948086267163
209,8.882736839256633e-06,0.9999947526038419
210,9.07548798718162e-06,0.9999946959763949
211,9.272421742978358e-06,0.9999946387378509
212,9.47362886724044e-06,0.9999945808816153
213,9.67920209002306e-06,0.9999945224010223
214,9.889236153579312e-06,0.999994463289334
215,1.010382785602394e-05,0.99999440353974
216,1.0323076095944581e-05,0.9999943431453563
217,1.0547081917980916e-05,0.9999942820992246
218,1.0775948559393207e-05,0.9999942203943116
219,1.1009781497640815e-05,0.9999941580235081
220,1.1248688498993694e-05,0.999994094979628
221,1.1492779668198397e-05,0.9999940312554078
222,1.174216749922181e-05,0.9999939668435055
223,1.199696692709635e-05,0.9999939017365002
224,1.225729538088959e-05,0.9999938359268904
225,1.252327283782389e-05,0.9999937694070941
226,1.2795021878570055e-05,0.9999937021694473
227,1.30726677437408e-05,0.9999936342062031
228,1.335633839161053e-05,0.9999935655095314
229,1.3646164557086906e-05,0.9999934960715174
230,1.3942279811962777e-05,0.9999934258841607
231,1.4244820626475088e-05,0.9999933549393749
232,1.4553926432199755e-05,0.9999932832289862
233,1.486973968631135e-05,0.9999932107447324
234,1.5192405937236987e-05,0.9999931374782624
235,1.5522073891735363e-05,0.9999930634211349
236,1.5858895483430612e-05,0.9999929885648176
237,1.6203025942834097e-05,0.9999929129006857
238,1.6554623868885152e-05,0.999992836420022
239,1.6913851302044224e-05,0.9999927591140148
240,1.7280873798972625e-05,0.999992680973757
241,1.765586050883192e-05,0.9999926019902463
242,1.8038984251239853e-05,0.9999925221543824
243,1.843042159591731e-05,0.9999924414569672
244,1.8830352944063814e-05,0.9999923598887032
245,1.923896261149882e-05,0.9999922774401926
246,1.9656438913606926e-05,0.9999921941019362
247,2.008297425212678e-05,0.9999921098643323
248,2.051876520382285e-05,0.9999920247176755
249,2.0964012611081526e-05,0.9999919386521559
250,2.1418921674473122e-05,0.9999918516578572
251,2.1883702047322173e-05,0.9999917637247568
252,2.2358567932330554e-05,0.9999916748427236
253,2.2843738180296177e-05,0.9999915850015169
254,2.333943639097495e-05,0.9999914941907859
255,2.384589101613072e-05,0.9999914024000679
256,2.4363335464821327e-05,0.9999913096187875
257,2.489200821097006e-05,0.9999912158362547
258,2.543215290327012e-05,0.9999911210416648
259,2.5984018477475213e-05,0.9999910252240959
260,2.6547859271125988e-05,0.9999909283725086
261,2.712393514076627e-05,0.9999908304757442
262,2.771251158170287e-05,0.9999907315225237
263,2.8313859850363753e-05,0.9999906315014463
264,2.8928257089312246e-05,0.9999905304009882
265,2.955598645497256e-05,0.9999904282095011
266,3.0197337248128342e-05,0.9999903249152113
267,3.085260504725211e-05,0.9999902205062178
268,3.152209184472783e-05,0.9999901149704912
269,3.220610618603046e-05,0.9999900082958724
270,3.290496331192398e-05,0.999989900470071
271,3.361898530374668e-05,0.9999897914806639
272,3.434850123184811e-05,0.999989681315094
273,3.5093847307246986e-05,0.9999895699606688
274,3.585536703658108e-05,0.9999894574045587
275,3.66334113804177e-05,0.9999893436337957
276,3.742833891500114e-05,0.9999892286352717
277,3.8240515997508935e-05,0.9999891123957374
278,3.907031693489441e-05,0.9999889949018004
279,3.9918124156393154e-05,0.9999888761399237
280,4.078432838977221e-05,0.9999887560964243
281,4.166932884140519e-05,0.9999886347574717
282,4.257353338025278e-05,0.9999885121090857
283,4.349735872583774e-05,0.9999883881371356
284,4.444123064029745e-05,0.9999882628273383
285,4.540558412460404e-05,0.9999881361652562
286,4.6390863619043644e-05,0.9999880081362961
287,4.739752320804375e-05,0.9999878787257072
288,4.842602682944747e-05,0.9999877479185797
289,4.9476848488327476e-05,0.999987615699843
290,5.05504724754402e-05,0.9999874820542632
291,5.1647393590420335e-05,0.999987346966443
292,5.276811736981807e-05,0.9999872104208181
293,5.391316032008564e-05,0.9999870724016566
294,5.5083050155618585e-05,0.9999869328930568
295,5.627832604196282e-05,0.9999867918789455
296,5.7499538844299306e-05,0.9999866493430757
297,5.874725138131988e-05,0.9999865052690254
298,6.002203868461411e-05,0.9999863596401953
299,6.132448826368163e-05,0.9999862124398069
300,6.265520037669816e-05,0.9999860636509008
301,6.401478830715524e-05,0.9999859132563342
302,6.54038786465028e-05,0.9999857612387799
303,6.682311158292696e-05,0.9999856075807231
304,6.827314119639083e-05,0.9999854522644605
305,6.9754635760081e-05,0.9999852952720971
306,7.126827804839291e-05,0.9999851365855457
307,7.281476565160041e-05,0.9999849761865232
308,7.439481129735329e-05,0.9999848140565493
309,7.600914317915047e-05,0.9999846501769445
310,7.765850529194311e-05,0.9999844845288277
311,7.93436577750165e-05,0.9999843170931138
312,8.106537726231606e-05,0.9999841478505118
313,8.282445724037298e-05,0.9999839767815228
314,8.462170841399667e-05,0.9999838038664373
315,8.645795907990495e-05,0.999983629085333
316,8.833405550845769e-05,0.9999834524180726
317,9.025086233367819e-05,0.9999832738443017
318,9.220926295173523e-05,0.9999830933434463
319,9.421015992807181e-05,0.9999829108947098
320,9.625447541337149e-05,0.9999827264770719
321,9.834315156854591e-05,0.999982540069285
322,0.00010047715099894946,0.9999823516498725
323,0.00010265745719801282,0.9999821611971256
324,0.00010488507500050466,0.9999819686891017
325,0.00010716103104562797,0.9999817741036212
326,0.00010948637425016656,0.9999815774182651
327,0.00011186217629189759,0.9999813786103726
328,0.00011428953210349393,0.9999811776570382
329,0.00011676956037714498,0.9999809745351094
330,0.00011930340408012643,0.9999807692211836
331,0.00012189223098155779,0.9999805616916059
332,0.00012453723419059119,0.9999803519224659
333,0.00012723963270627763,0.9999801398895954
334,0.00013000067197936515,0.9999799255685653
335,0.00013282162448628862,0.9999797089346828
336,0.00013570379031561396,0.9999794899629887
337,0.00013864849776720783,0.9999792686282544
338,0.00014165710396441022,0.999979044904979
339,0.00014473099547948908,0.9999788187673867
340,0.00014787158897266883,0.9999785901894231
341,0.00015108033184502444,0.999978359144753
342,0.00015435870290554248,0.9999781256067567
343,0.00015770821305265893,0.9999778895485276
344,0.00016113040597058443,0.9999776509428683
345,0.00016462685884073932,0.9999774097622883
346,0.00016819918306862816,0.9999771659790002
347,0.0001718490250264856,0.9999769195649167
348,0.00017557806681203701,0.9999766704916477
349,0.0001793880270237258,0.9999764187304963
350,0.00018328066155276102,0.9999761642524563
351,0.00018725776439235185,0.999975907028208
352,0.00019132116846450417,0.999975647028116
353,0.00019547274646475603,0.9999753842222245
354,0.00019971441172524402,0.9999751185802547
355,0.00020404811909649896,0.9999748500716008
356,0.0002084758658483748,0.999974578665327
357,0.00021299969259052704,0.9999743043301635
358,0.00021762168421286685,0.9999740270345032
359,0.00022234397084642106,0.9999737467463977
360,0.00022716872884504191,0.999973463433554
361,0.00023209818178842196,0.9999731770633304
362,0.00023713460150687042,0.9999728876027333
363,0.00024228030912833013,0.9999725950184126
364,0.00024753767614811193,0.9999722992766586
365,0.0002529091255218418,0.999972000343398
366,0.0002583971327821266,0.9999716981841892
367,0.0002640042271794487,0.9999713927642194
368,0.00026973299284781743,0.9999710840483002
369,0.0002755860699957171,0.9999707720008629
370,0.00028156615612289523,0.9999704565859556
371,0.00028767600726355516,0.999970137767238
372,0.0002939184392565272,0.9999698155079777
373,0.00030029632904299985,0.9999694897710462
374,0.00030681261599241057,0.9999691605189138
375,0.0003134703032571111,0.9999688277136465
376,0.0003202724591564253,0.9999684913169001
377,0.00032722221859074013,0.9999681512899172
378,0.00033432278448628503,0.9999678075935221
379,0.00034157742927125935,0.9999674601881161
380,0.00034898949638399073,0.9999671090336734
381,0.00035656240181382293,0.999966754089736
382,0.0003642996356754376,0.9999663953154094
383,0.00037220476381733713,0.999966032669358
384,0.0003802814294652353,0.9999656661098
385,0.0003885333549011028,0.9999652955945024
386,0.0003969643431786528,0.9999649210807771
387,0.00040557827987604804,0.9999645425254744
388,0.00041437913488664096,0.99996415988498
389,0.0004233709642485752,0.9999637731152081
390,0.0004325579120140856,0.9999633821715976
391,0.0004419442121593602,0.9999629870091064
392,0.00045153419053585003,0.9999625875822062
393,0.00046133226686391704,0.9999621838448776
394,0.00047134295676974316,0.9999617757506044
395,0.00048157087386644385,0.9999613632523686
396,0.000492020731880336,0.9999609463026445
397,0.0005026973468233453,0.9999605248533939
398,0.0005136056392125583,0.99996009885606
399,0.0005247506363379327,0.9999596682615619
400,0.000536137474579216,0.9999592330202892
401,0.0005477714017731455,0.9999587930820961
402,0.0005596577796320099,0.9999583483962956
403,0.0005718020862146922,0.9999578989116538
404,0.0005842099184513396,0.9999574445763838
405,0.000596886994722811,0.9999569853381398
406,0.0006098391574960972,0.9999565211440115
407,0.0006230723760169349,0.9999560519405168
408,0.0006365927490608436,0.9999555776735976
409,0.0006504065077438566,0.9999550982886112
410,0.000664520018394253,0.9999546137303261
411,0.0006789397854865926,0.9999541239429145
412,0.0006936724546394296,0.9999536288699461
413,0.0007087248156780675,0.9999531284543814
414,0.0007241038057637745,0.999952622638566
415,0.0007398165125909081,0.9999521113642226
416,0.0007558701776534092,0.9999515945724454
417,0.0007722721995821767,0.999951072203693
418,0.0007890301375548699,0.9999505441977811
419,0.0008061517147796936,0.999950010493876
420,0.0008236448220547805,0.9999494710304879
421,0.0008415175214048174,0.999948925745463
422,0.0008597780497965772,0.999948374575977
423,0.000878434822935076,0.9999478174585273
424,0.000897496439142113,0.9999472543289267
425,0.0009169716833189646,0.9999466851222945
426,0.0009368695309950678,0.9999461097730503
427,0.0009571991524645648,0.999945528214906
428,0.0009779699170126023,0.999944940380858
429,0.0009991913972333378,0.9999443462031796
430,0.0010208733734416553,0.9999437456134135
431,0.0010430258381805971,0.9999431385423632
432,0.001065659000826622,0.9999425249200858
433,0.0010887832922947813,0.9999419046758837
434,0.0011124093698460023,0.999941277738296
435,0.0011365481219986883,0.9999406440350908
436,0.0011612106735468853,0.9999400034932567
437,0.0011864083906873652,0.9999393560389945
438,0.0012121528862579403,0.9999387015977086
439,0.001238456025089458,0.9999380400939981
440,0.00126532992947393,0.9999373714516487
441,0.0012927869847513187,0.9999366955936235
442,0.001320839845017542,0.9999360124420544
443,0.0013495014389563644,0.9999353219182329
444,0.0013787849757978126,0.999934623942601
445,0.0014087039514058973,0.9999339184347422
446,0.0014392721544984367,0.9999332053133724
447,0.0014705036730018328,0.9999324844963299
448,0.0015024129005437729,0.9999317559005668
449,0.0015350145430867886,0.9999310194421388
450,0.0015683236257057766,0.9999302750361956
451,0.0016023554995125847,0.9999295225969712
452,0.0016371258487308605,0.9999287620377745
453,0.001672650697924406,0.9999279932709784
454,0.0017089464193824155,0.9999272162080102
455,0.0017460297406649385,0.9999264307593416
456,0.0017839177523120897,0.9999256368344781
457,0.0018226279157205437,0.9999248343419485
458,0.001862178071190949,0.9999240231892945
459,0.0019025864461499477,0.9999232032830602
460,0.0019438716635506485,0.999922374528781
461,0.0019860527504553457,0.9999215368309728
462,0.002029149146804501,0.9999206900931215
463,0.0020731807143760006,0.9999198342176709
464,0.0021181677459388313,0.9999189691060125
465,0.0021641309746053645,0.9999180946584734
466,0.0022110915833866234,0.9999172107743051
467,0.00225907121495485,0.9999163173516719
468,0.002308091981617941,0.9999154142876392
469,0.00235817647551032,0.9999145014781614
470,0.0024093477790049257,0.9999135788180704
471,0.002461629475351182,0.9999126462010629
472,0.002515045659543759,0.9999117035196885
473,0.0025696209494272073,0.9999107506653372
474,0.002625380497041548,0.999909787528227
475,0.0026823500002140666,0.9999088139973914
476,0.002740555714402614,0.9999078299606659
477,0.002800024464795955,0.9999068353046758
478,0.0028607836586766367,0.9999058299148232
479,0.002922861298052151,0.9999048136752733
480,0.00298628599256018,0.999903786468941
481,0.0030510869726538908,0.9999027481774779
482,0.003117294103073306,0.9999016986812587
483,0.003184937896609067,0.9999006378593668
484,0.0032540495281647946,0.9998995655895807
485,0.0033246608491246323,0.9998984817483602
486,0.0033968044020325516,0.9998973862108318
487,0.0034705134355901956,0.9998962788507744
488,0.0035458219199801353,0.9998951595406047
489,0.0036227645625217047,0.9998940281513627
490,0.003701376823666487,0.9998928845526969
491,0.0037816949333409336,0.9998917286128487
492,0.003863755907643606,0.9998905601986378
493,0.003947597565904708,0.9998893791754468
494,0.004033258548115873,0.9998881854072055
495,0.004120778332738093,0.9998869787563752
496,0.004210197254896114,0.9998857590839331
497,0.004301556524967631,0.999884526249356
498,0.004394898247575862,0.9998832801106042
499,0.00449026544099422,0.9998820205241055
500,0.004587702056972136,0.9998807473447379
501,0.004687253000991007,0.9998794604258134
502,0.004788964152959736,0.9998781596190615
503,0.00489288238835934,0.999876844774611
504,0.004999055599846401,0.9998755157409737
505,0.005107532719325252,0.9998741723650264
506,0.0052183637404992125,0.9998728144919937
507,0.005331599741911084,0.9998714419654299
508,0.0054472929104836575,0.9998700546272008
509,0.005565496565571028,0.9998686523174659
510,0.005686265183531826,0.9998672348746597
511,0.005809654422835618,0.9998658021354732
512,0.005935721149714218,0.9998643539348349
513,0.006064523464369505,0.999862890105892
514,0.006196120727749996,0.9998614104799914
515,0.006330573588908458,0.9998599148866596
516,0.006467944012953107,0.9998584031535834
517,0.006608295309605457,0.9998568751065904
518,0.006751692162377733,0.9998553305696284
519,0.006898200658383493,0.9998537693647452
520,0.0070478883187951,0.9998521913120686
521,0.007200824129962132,0.999850596229785
522,0.007357078575204968,0.9998489839341188
523,0.007516723667298427,0.9998473542393113
524,0.007679832981660141,0.999845706957599
525,0.007846481690259173,0.9998440418991924
526,0.008016746596260421,0.9998423588722535
527,0.008190706169420803,0.9998406576828744
528,0.008368440582253441,0.9998389381350548
529,0.008550031746976767,0.9998372000306784
530,0.008735563353265214,0.9998354431694921
531,0.008925120906819198,0.9998336673490809
532,0.009118791768771995,0.9998318723648456
533,0.009316665195951786,0.9998300580099794
534,0.009518832382017242,0.9998282240754433
535,0.009725386499485941,0.9998263703499428
536,0.009936422742674585,0.999824496619903
537,0.01015203837157109,0.9998226026694443
538,0.010372332756658694,0.9998206882803574
539,0.010597407424712602,0.9998187532320781
540,0.010827366105590631,0.9998167973016621
541,0.01106231478003896,0.9998148202637591
542,0.011302361728535356,0.9998128218905871
543,0.011547617581192243,0.9998108019519056
544,0.01179819536874269,0.9998087602149899
545,0.012054210574632627,0.9998066964446036
546,0.012315781188243691,0.9998046104029717
547,0.012583027759270735,0.9998025018497535
548,0.012856073453279427,0.9998003705420143
549,0.013135044108469404,0.9997982162341981
550,0.013420068293669169,0.9997960386780986
551,0.013711277367589333,0.9997938376228315
552,0.014008805539361888,0.9997916128148044
553,0.014312789930392871,0.999789363997689
554,0.014623370637557365,0.9997870909123902
555,0.014940690797765738,0.9997847932970171
556,0.015264896653931001,0.9997824708868526
557,0.01559613762236745,0.999780123414323
558,0.015934566361652153,0.999777750608967
559,0.01628033884298037,0.9997753521974044
560,0.01663361442204783,0.9997729279033052
561,0.016994555912492788,0.9997704774473569
562,0.01736332966093162,0.9997680005472332
563,0.017740105623622937,0.9997654969175611
564,0.01812505744479498,0.9997629662698875
565,0.018518362536672828,0.9997604083126468
566,0.018920202161242124,0.9997578227511271
567,0.019330761513787098,0.9997552092874358
568,0.01975022980824109,0.9997525676204656
569,0.020178800364389567,0.9997498974458602
570,0.020616670696964986,0.9997471984559781
571,0.021064042606675194,0.9997444703398587
572,0.02152112227320703,0.999741712783185
573,0.021988120350248136,0.9997389254682485
574,0.02246525206257046,0.9997361080739118
575,0.022952737305220856,0.999733260275572
576,0.02345080074486366,0.9997303817451234
577,0.02395967192332254,0.9997274721509195
578,0.024479585363369128,0.9997245311577347
579,0.025010780676807284,0.9997215584267259
580,0.025553502674902424,0.9997185536153933
581,0.026108001481207697,0.9997155163775411
582,0.026674532646837862,0.9997124463632373
583,0.02725335726824484,0.999709343218774
584,0.02784474210754895,0.9997062065866258
585,0.02844895971548097,0.9997030361054093
586,0.029066288556992566,0.9996998314098413
587,0.02969701313959183,0.9996965921306964
588,0.030341424144463926,0.9996933178947647
589,0.03099981856043694,0.999690008324809
590,0.03167249982085477,0.9996866630395211
591,0.03235977794341983,0.9996832816534778
592,0.033061969673070776,0.9996798637770964
593,0.03377939862796018,0.9996764090165905
594,0.03451239544859997,0.9996729169739237
595,0.03526129795024331,0.9996693872467645
596,0.036026451278573124,0.9996658194284392
597,0.036808208068768625,0.999662213107886
598,0.037606928608024254,0.9996585678696068
599,0.03842298100159447,0.9996548832936197
600,0.039256741342441975,0.9996511589554105
601,0.04010859388456719,0.9996473944258837
602,0.040978931220098914,0.9996435892713137
603,0.041868154460227486,0.9996397430532937
604,0.04277667342006474,0.9996358553286865
605,0.0437049068075147,0.9996319256495722
606,0.04465328241624297,0.9996279535631972
607,0.04562223732283352,0.9996239386119224
608,0.04661221808822319,0.99961988033317
609,0.04762368096350823,0.9996157782593696
610,0.04865709210021571,0.999611631917906
611,0.04971292776513824,0.999607440831063
612,0.050791674559830434,0.9996032045159695
613,0.05189382964486838,0.9995989224845432
614,0.05301990096897497,0.999594594243435
615,0.05417040750311815,0.9995902192939714
616,0.05534587947968795,0.9995857971320978
617,0.05654685863686408,0.9995813272483199
618,0.057773898468286095,0.9995768091276452
619,0.059027564478141316,0.9995722422495238
620,0.06030843444178757,0.9995676260877879
621,0.061617098672032425,0.9995629601105919
622,0.06295416029118936,0.9995582437803504
623,0.06432023550903809,0.9995534765536772
624,0.06571595390681628,0.9995486578813216
625,0.067141958727374,0.999543787208106
626,0.06859890717162359,0.9995388639728612
627,0.07008747070142378,0.9995338876083625
628,0.0716083353490349,0.9995288575412636
629,0.07316220203328973,0.9995237731920316
630,0.07474978688262518,0.9995186339748786
631,0.07637182156512287,0.9995134392976959
632,0.07802905362571284,0.9995081885619846
633,0.07972224683069302,0.9995028811627875
634,0.08145218151972534,0.9994975164886185
635,0.08321965496546972,0.9994920939213932
636,0.08502548174102233,0.9994866128363563
637,0.08687049409532603,0.9994810726020114
638,0.08875554233672886,0.9994754725800464
639,0.09068149522486384,0.9994698121252616
640,0.09264924037103317,0.9994640905854941
641,0.09465968464728049,0.9994583073015434
642,0.09671375460433995,0.9994524616070949
643,0.0988123968986536,0.9994465528286439
644,0.1009565787286569,0.9994405802854173
645,0.10314728828052926,0.9994345432892953
646,0.10538553518361835,0.9994284411447324
647,0.10767235097574661,0.9994222731486773
648,0.11000878957861487,0.9994160385904912
649,0.11239592778352098,0.9994097367518668
650,0.11483486574762042,0.9994033669067451
651,0.11732672750095341,0.9993969283212317
652,0.11987266146447534,0.9993904202535124
653,0.1224738409793282,0.9993838419537678
654,0.12513146484759574,0.9993771926640866
655,0.12784675788479527,0.9993704716183787
656,0.1306209714843557,0.9993636780422864
657,0.13345538419434583,0.9993568111530958
658,0.13635130230671705,0.9993498701596464
659,0.1393100604593326,0.9993428542622392
660,0.1423330222510593,0.9993357626525462
661,0.14542158087020896,0.9993285945135155
662,0.14857715973661437,0.9993213490192783
663,0.15180121315763898,0.9993140253350534
664,0.15509522699842154,0.9993066226170509
665,0.1584607193666652,0.9992991400123754
666,0.1618992413122844,0.9992915766589271
667,0.165412377542237,0.999283931685303
668,0.16900174715086494,0.9992762042106964
669,0.17266900436608418,0.9992683933447951
670,0.1764158393117666,0.9992604981876794
671,0.18024397878666543,0.9992525178297177
672,0.1841551870602412,0.9992444513514624
673,0.1881512666857604,0.9992362978235436
674,0.19223405933103432,0.999228056306562
675,0.19640544662718637,0.9992197258509806
676,0.20066735103583727,0.9992113054970158
677,0.2050217367351057,0.9992027942745261
678,0.20947061052483887,0.9991941912029009
679,0.21401602275148202,0.9991854952909471
680,0.21866006825301917,0.9991767055367756
681,0.22340488732441843,0.9991678209276849
682,0.22825266670402705,0.999158840440045
683,0.23320564058136894,0.9991497630391794
684,0.23826609162681528,0.9991405876792457
685,0.2434363520435938,0.9991313133031158
686,0.24871880464262866,0.9991219388422528
687,0.25411588394070334,0.9991124632165893
688,0.2596300772824535,0.999102885334402
689,0.26526392598670423,0.999093204092186
690,0.2710200265176871,0.9990834183745286
691,0.2769010316816672,0.9990735270539796
692,0.2829096518495389,0.9990635289909217
693,0.2890486562059508,0.9990534230334397
694,0.2953208740255367,0.9990432080171874
695,0.30172919597683706,0.9990328827652537
696,0.3082765754545213,0.9990224460880264
697,0.3149660299405123,0.999011896783056
698,0.32180064239464984,0.9990012336349163
699,0.3287835626755307,0.9989904554150654
700,0.33591800899217733,0.9989795608817028
701,0.3432072693872131,0.9989685487796276
702,0.3506547032522156,0.9989574178400931
703,0.3582637428759558,0.9989461667806611
704,0.3660378950262318,0.9989347943050537
705,0.37398074256602937,0.9989232991030045
706,0.38209594610474795,0.9989116798501068
707,0.3903872456852653,0.9988999352076618
708,0.3988584625076029,0.9988880638225245
709,0.4075135006899982,0.9988760643269466
710,0.41635634906819025,0.9988639353384203
711,0.4253910830337497,0.9988516754595181
712,0.4346218664122957,0.9988392832777323
713,0.4440529533824779,0.998826757365312
714,0.45368869043659016,0.9988140962790988
715,0.4635335183837339,0.99880129856036
716,0.47359197439644746,0.9987883627346216
717,0.4838686941017477,0.9987752873114971
718,0.49436841371754137,0.998762070784517
719,0.5050959722354053,0.9987487116309541
720,0.5160563136507218,0.9987352083116494
721,0.5272544892412122,0.9987215592708333
722,0.5386956598949137,0.9987077629359473
723,0.5503850984886661,0.9986938177174629
724,0.5623281923182223,0.9986797220086977
725,0.5745304455810795,0.9986654741856309
726,0.586997481913192,0.9986510726067162
727,0.5997350469807297,0.9986365156126922
728,0.6127490111280753,0.9986218015263918
729,0.6260453720832786,0.9986069286525484
730,0.6396302577222273,0.9985918952776012
731,0.6535099288927887,0.9985766996694971
732,0.6676907823002396,0.9985613400774919
733,0.6821793534553064,0.9985458147319479
734,0.6969823196861795,0.9985301218441304
735,0.7121065032158781,0.9985142596060014
736,0.7275588743064074,0.9984982261900115
737,0.7433465544711287,0.9984820197488893
738,0.7594768197568427,0.9984656384154283
739,0.7759571040970912,0.9984490803022723
740,0.792795002738226,0.9984323435016974
741,0.8099982757398131,0.9984154260853924
742,0.8275748515510104,0.9983983261042366
743,0.8455328306645352,0.9983810415880758
744,0.8638804893499288,0.9983635705454943
745,0.8826262834678315,0.998345910963586
746,0.9017788523670163,0.9983280608077229
747,0.9213470228660048,0.9983100180213197
748,0.9413398133210639,0.9982917805255976
749,0.9617664377824852,0.9982733462193449
750,0.9826363102410521,0.9982547129786741
751,1.0039590489666548,0.998235878656778
752,1.025744480941041,0.998216841083682
753,1.0480026463867769,0.9981975980659941
754,1.070743803394461,0.9981781473866522
755,1.0939784326503605,0.998158486804669
756,1.11771724226663,0.9981386140548731
757,1.1419711727163464,0.9981185268476488
758,1.166751401875622,0.9980982228686714
759,1.1920693501751503,0.9980776997786419
760,1.2179366858635148,0.998056955213016
761,1.2443653303847222,0.9980359867817324
762,1.2713674638724213,0.998014792068938
763,1.2989555307633482,0.9979933686327079
764,1.3271422455325657,0.9979717140047663
765,1.355940598553182,0.9979498256901997
766,1.385363862083197,0.9979277011671717
767,1.415425596382271,0.9979053378866307
768,1.4461396559612274,0.9978827332720173
769,1.4775201959671496,0.997859884718967
770,1.509581678707063,0.9978367895950102
771,1.5423388803131466,0.9978134452392688
772,1.575806897552592,0.9977898489621501
773,1.6100011547852304,0.997765998045036
774,1.6449374110721395,0.9977418897399708
775,1.6806317674384872,0.9977175212693441
776,1.7171006742940096,0.9976928898255708
777,1.7543609390144759,0.9976679925707673
778,1.7924297336876835,0.9976428266364256
779,1.8313246030275359,0.9976173891230813
780,1.8710634724598543,0.997591677099981
781,1.911664656383629,0.9975656876047435
782,1.9531468666115759,0.9975394176430193
783,1.9955292209938067,0.9975128641881452
784,2.038831252228653,0.9974860241807955
785,2.083072916864673,0.9974588945286297
786,2.1282746044980034,0.9974314721059365
787,2.1744571471692686,0.9974037537532731
788,2.2216418289644397,0.9973757362771016
789,2.269850395823987,0.9973474164494209
790,2.3191050655649033,0.9973187910073947
791,2.369428538120204,0.997289856652976
792,2.4208440060006144,0.9972606100525264
793,2.473375164983254,0.9972310478364329
794,2.527046225032307,0.9972011665987188
795,2.5818819214566138,0.997170962896652
796,2.637907526309406,0.9971404332503477
797,2.695148860035409,0.9971095741423681
798,2.7536323033706527,0.9970783820173169
799,2.8133848095005582,0.9970468532814294
800,2.874433916481795,0.9970149843021587
801,2.9368077599337137,0.9969827714077574
802,3.0005350860051685,0.9969502108868539
803,3.0656452646227255,0.9969172989880255
804,3.132168303026313,0.996884031919366
805,3.200134859598657,0.9968504058480485
806,3.2695762579947427,0.9968164168998841
807,3.340524501577912,0.9967820611588752
808,3.413012288169209,0.9967473346667653
809,3.487073025116789,0.9967122334225814
810,3.5627408446922892,0.9966767533821745
811,3.640050619821364,0.9966408904577526
812,3.7190379801554956,0.9966046405174105
813,3.7997393284925907,0.9965679993846531
814,3.882191857553888,0.9965309628379148
815,3.966433567124927,0.9964935266100726
816,4.052503281568422,0.996455686387955
817,4.140440667717245,0.9964174378118444
818,4.230286253155594,0.9963787764749754
819,4.32208144489689,0.9963396979230268
820,4.415868548466983,0.9963001976536084
821,4.511690787401406,0.9962602711157426
822,4.609592323165804,0.996219913709339
823,4.709618275508524,0.9961791207846663
824,4.8118147432549145,0.9961378876418144
825,4.916228825552818,0.9960962095301548
826,5.022908643579107,0.9960540816477917
827,5.131903362717183,0.9960114991410103
828,5.243263215215821,0.9959684571037161
829,5.3570395233395995,0.9959249505768705
830,5.473284723021734,0.9958809745479194
831,5.592052388030148,0.9958365239502155
832,5.713397254657964,0.9957915936624346
833,5.83737524694969,0.9957461785079856
834,5.964043502474934,0.995700273254414
835,6.093460398661269,0.995653872612799
836,6.2256855796985695,0.9956069712371446
837,6.360779984027152,0.9955595637237629
838,6.4988058724224045,0.995511644610652
839,6.639826856688769,0.9954632083768669
840,6.783907928976511,0.9954142494418828
841,6.9311154917345075,0.9953647621649527
842,7.081517388313073,0.9953147408444573
843,7.23518293423084,0.9952641797172478
844,7.3921829491200555,0.9952130729579827
845,7.552589789365212,0.9951614146784556
846,7.716477381449783,0.9951091989269178
847,7.883921256026632,0.9950564196873918
848,8.054998582727725,0.9950030708789784
849,8.229788205729209,0.9949491463551566
850,8.408370680088156,0.9948946399030747
851,8.590828308867962,0.9948395452428348
852,8.777245181069182,0.9947838560267694
853,8.967707210383532,0.9947275658387099
854,9.162302174788811,0.9946706681932473
855,9.361119757003046,0.9946131565349853
856,9.564251585816361,0.9945550242377847
857,9.771791278319935,0.9944962646040002
858,9.983834483051098,0.9944368708637084
859,10.200478924074774,0.9943768361739282
860,10.421824446021452,0.9943161536178324
861,10.64797306010234,0.9942548162039506
862,10.879028991123372,0.9941928168653633
863,11.115098725518873,0.9941301484588887
864,11.356291060427942,0.9940668037642586
865,11.602717153835789,0.9940027754832874
866,11.85449057580263,0.9939380562390309
867,12.111727360804958,0.993872638574936
868,12.3745460612118,0.9938065149539824
869,12.643067801922182,0.9937396777578135
870,12.917416336187452,0.993672119285859
871,13.197718102645418,0.9936038317544478
872,13.48410228359211,0.9935348072959109
873,13.776700864517489,0.9934650379576753
874,14.07564869493384,0.9933945157013472
875,14.381083550523309,0.9933232324017865
876,14.693146196634553,0.9932511798461704
877,15.011980453157259,0.9931783497330469
878,15.337733260803804,0.9931047336713787
879,15.670554748830108,0.9930303231795766
880,16.010598304225006,0.9929551096845218
881,16.358020642402007,0.9928790845205784
882,16.712981879424063,0.9928022389285952
883,17.075645605796236,0.9927245640548962
884,17.44617896185964,0.9926460509502605
885,17.824752714820704,0.9925666905688917
886,18.21154133745298,0.9924864737673753
887,18.60672308850568,0.9924053913036252
888,19.010480094857748,0.9923234338358192
889,19.42299843545467,0.9922405919213224
890,19.844468227065885,0.9921568560155996
891,20.27508371190427,0.9920722164711151
892,20.715043347145716,0.9919866635362217
893,21.16454989639208,0.9919001873540371
894,21.623810523118816,0.9918127779613078
895,22.09303688614951,0.991724425287262
896,22.572445237203528,0.9916351191524484
897,23.062256520558915,0.9915448492675639
898,23.562696474879424,0.9914536052322683
899,24.073995737249735,0.9913613765339855
900,24.59638994946913,0.9912681525466929
901,25.13011986665173,0.9911739225296963
902,25.675431468182246,0.9910786756263936
903,26.23257607108102,0.9909824008630229
904,26.8018104458274,0.9908850871473986
905,27.383396934697533,0.9907867232676338
906,27.97760357267002,0.9906872978908476
907,28.584704210954058,0.9905867995618604
908,29.204978643199787,0.9904852167018734
909,29.838712734445604,0.9903825376071348
910,30.486198552864725,0.9902787504475916
911,31.147734504370646,0.9901738432655263
912,31.823625470142183,0.9900678039741792
913,32.51418294713468,0.989960620356356
914,33.21972519163813,0.9898522800630202
915,33.94057736595261,0.9897427706118701
916,34.677071688244425,0.9896320793859011
917,35.42954758565544,0.9895201936319518
918,36.19835185073487,0.989407100459234
919,36.98383880126407,0.989292786837849
920,37.786370443551654,0.9891772395972851
921,38.60631663926982,0.9890604454249006
922,39.44405527591245,0.98894239086439
923,40.29997244095206,0.9888230623142337
924,41.174462599774344,0.9887024460261308
925,42.06792877747616,0.9885805281034151
926,42.98078274460584,0.9884572944994544
927,43.913445206936686,0.9883327310160315
928,44.86634599935589,0.9882068233017085
929,45.83992428396242,0.988079556850174
930,46.83462875246365,0.987950916998571
931,47.85091783296202,0.9878208889258077
932,48.88925990123165,0.98768945765085
933,49.950133496576726,0.9875566080309958
934,51.034027542375824,0.9874223247601298
935,52.141441571412,0.9872865923669601
936,53.27288595609034,0.9871493952132363
937,54.42888214365427,0.9870107174919467
938,55.60996289650276,0.9868705432254984
939,56.816672537724415,0.9867288562638752
940,58.04956720195968,0.9865856402827777
941,59.30921509170418,0.9864408787817426
942,60.596196739177344,0.9862945550822407
943,61.91110527386957,0.9861466523257564
944,63.254546695899016,0.9859971534718445
945,64.62714015529623,0.9858460412961676
946,66.02951823735182,0.9856932983885113
947,67.4623272541559,0.985538907150778
948,68.92622754246126,0.9853828497949598
949,70.42189376801403,0.9852251083410891
950,71.95001523648405,0.9850656646151668
951,73.511296211145,0.9849045002470683
952,75.10645623744823,0.9847415966684275
953,76.7362304746366,0.9845769351104969
954,78.40137003455874,0.9844104966019857
955,80.1026423278308,0.9842422619668735
956,81.84083141751283,0.9840722118222016
957,83.61673838045992,0.9839003265758391
958,85.43118167651103,0.9837265864242265
959,87.28499752569421,0.9835509713500927
960,89.1790402936114,0.9833734611201506
961,91.11418288519158,0.9831940352827641
962,93.09131714698283,0.9830126731655928
963,95.1113542781774,0.9828293538732104
964,97.17522525055608,0.9826440562846965
965,99.28388123754124,0.982456759051204
966,101.43829405256588,0.9822674405934986
967,103.63945659694929,0.9820760790994733
968,105.88838331749521,0.9818826525216348
969,108.18611067401997,0.9816871385745637
970,110.53369761702122,0.9814895147323469
971,112.93222607571856,0.981289758225982
972,115.38280145667721,0.981087846040754
973,117.88655315325892,0.9808837549135841
974,120.44463506612063,0.9806774613303494
975,123.05822613501259,0.980468941523173
976,125.72853088211613,0.9802581714676867
977,128.4567799671668,0.9800451268802625
978,131.2442307546308,0.9798297832152143
979,134.09216789318126,0.9796121156619712
980,137.00190390775413,0.9793920991422176
981,139.9747798044514,0.9791697083070049
982,143.01216568856486,0.9789449175338301
983,146.11546139601924,0.9787177009236844
984,149.28609713850867,0.9784880322980688
985,152.52553416263805,0.9782558851959783
986,155.83526542336776,0.9780212328708531
987,159.21681627206542,0.977784048287497
988,162.67174515949756,0.9775443041189625
989,166.2016443540655,0.9773019727434027
990,169.80814067563733,0.9770570262408883
991,173.4928962452934,0.9768094363901915
992,177.25760925134776,0.976559174665534
993,181.10401473199227,0.9763062122333007
994,185.033885374916,0.9760505199487175
995,189.04903233428755,0.9757920683524938
996,193.15130606545384,0.9755308276674276
997,197.34259717775913,0.9752667677949758
998,201.6248373058702,0.9749998583117856
999,205.99999999999994,0.9747300684661896
